TARGET,proportion
0,0.9192711805431351
1,0.08072881945686496
